{"best_times":[19.249231,0,26.782263],"high_score":297,"highest_level":2,"losses":[2,3,1],"wins":[2,0,1]}
